lr_group_0,lr_group_1,step,valid-uas_macro_f1,valid-uas_micro_f1,valid-las_macro_f1,valid-las_micro_f1,epoch,train-loss_arc,train-loss_type,train-loss
0.0,0.0,0,,,,,,,,
1.0638297872340427e-06,1.0638297872340427e-06,1,,,,,,,,
2.1276595744680853e-06,2.1276595744680853e-06,2,,,,,,,,
3.1914893617021277e-06,3.1914893617021277e-06,3,,,,,,,,
4.255319148936171e-06,4.255319148936171e-06,4,,,,,,,,
5.319148936170213e-06,5.319148936170213e-06,5,,,,,,,,
6.3829787234042555e-06,6.3829787234042555e-06,6,,,,,,,,
,,6,8.598915771329757,12.638121546961326,1.041753113162573,0.9668508287292817,0,,,
7.446808510638298e-06,7.446808510638298e-06,8,,,,,,,,
8.510638297872341e-06,8.510638297872341e-06,9,,,,,,,,
9.574468085106383e-06,9.574468085106383e-06,10,,,,,,,,
1.0638297872340426e-05,1.0638297872340426e-05,11,,,,,,,,
1.170212765957447e-05,1.170212765957447e-05,12,,,,,,,,
1.2765957446808511e-05,1.2765957446808511e-05,13,,,,,,,,
1.3829787234042554e-05,1.3829787234042554e-05,14,,,,,,,,
,,13,10.551395697656472,15.814917127071823,0.3855753286493325,0.8287292817679558,0,,,
1.4893617021276596e-05,1.4893617021276596e-05,16,,,,,,,,
1.595744680851064e-05,1.595744680851064e-05,17,,,,,,,,
1.7021276595744682e-05,1.7021276595744682e-05,18,,,,,,,,
1.8085106382978724e-05,1.8085106382978724e-05,19,,,,,,,,
1.9148936170212766e-05,1.9148936170212766e-05,20,,,,,,,,
2.0212765957446807e-05,2.0212765957446807e-05,21,,,,,,,,
2.1276595744680852e-05,2.1276595744680852e-05,22,,,,,,,,
,,20,10.318148411315727,15.331491712707182,0.1465354825204103,0.48342541436464087,0,,,
2.2340425531914894e-05,2.2340425531914894e-05,24,,,,,,,,
2.340425531914894e-05,2.340425531914894e-05,25,,,,,,,,
2.446808510638298e-05,2.446808510638298e-05,26,,,,,,,,
2.5531914893617022e-05,2.5531914893617022e-05,27,,,,,,,,
2.6595744680851064e-05,2.6595744680851064e-05,28,,,,,,,,
2.765957446808511e-05,2.765957446808511e-05,29,,,,,,,,
2.8723404255319154e-05,2.8723404255319154e-05,30,,,,,,,,
,,27,10.89460993463773,16.367403314917127,1.77266781905705,4.350828729281768,0,,,
2.9787234042553192e-05,2.9787234042553192e-05,32,,,,,,,,
3.085106382978723e-05,3.085106382978723e-05,33,,,,,,,,
3.191489361702128e-05,3.191489361702128e-05,34,,,,,,,,
3.2978723404255317e-05,3.2978723404255317e-05,35,,,,,,,,
3.4042553191489365e-05,3.4042553191489365e-05,36,,,,,,,,
3.5106382978723407e-05,3.5106382978723407e-05,37,,,,,,,,
3.617021276595745e-05,3.617021276595745e-05,38,,,,,,,,
,,34,13.16113233073237,19.475138121546962,2.8233155172691218,6.629834254143646,0,,,
3.723404255319149e-05,3.723404255319149e-05,40,,,,,,,,
3.829787234042553e-05,3.829787234042553e-05,41,,,,,,,,
3.936170212765958e-05,3.936170212765958e-05,42,,,,,,,,
4.0425531914893614e-05,4.0425531914893614e-05,43,,,,,,,,
4.148936170212766e-05,4.148936170212766e-05,44,,,,,,,,
4.2553191489361704e-05,4.2553191489361704e-05,45,,,,,,,,
4.3617021276595746e-05,4.3617021276595746e-05,46,,,,,,,,
,,41,13.014062797074,20.027624309392262,3.7243216034180655,7.941988950276244,0,,,
4.468085106382979e-05,4.468085106382979e-05,48,,,,,,,,
4.574468085106383e-05,4.574468085106383e-05,49,,,,,,,,
4.680851063829788e-05,4.680851063829788e-05,50,,,,,,,,
4.787234042553192e-05,4.787234042553192e-05,51,,,,,,,,
4.893617021276596e-05,4.893617021276596e-05,52,,,,,,,,
5e-05,5e-05,53,,,,,,,,
4.98814463544754e-05,4.98814463544754e-05,54,,,,,,,,
,,48,18.313174566601525,24.378453038674035,6.52263404652587,12.01657458563536,0,,,
4.9762892708950804e-05,4.9762892708950804e-05,56,,,,,,,,
,,49,,,,,0,2.3343493938446045,1.3830283880233765,3.7173776626586914
4.96443390634262e-05,4.96443390634262e-05,58,,,,,,,,
4.9525785417901606e-05,4.9525785417901606e-05,59,,,,,,,,
4.9407231772377e-05,4.9407231772377e-05,60,,,,,,,,
4.928867812685241e-05,4.928867812685241e-05,61,,,,,,,,
4.91701244813278e-05,4.91701244813278e-05,62,,,,,,,,
4.90515708358032e-05,4.90515708358032e-05,63,,,,,,,,
,,55,25.589930406960022,30.386740331491712,9.101514184168776,16.16022099447514,0,,,
4.89330171902786e-05,4.89330171902786e-05,65,,,,,,,,
4.8814463544754004e-05,4.8814463544754004e-05,66,,,,,,,,
4.86959098992294e-05,4.86959098992294e-05,67,,,,,,,,
4.8577356253704806e-05,4.8577356253704806e-05,68,,,,,,,,
4.84588026081802e-05,4.84588026081802e-05,69,,,,,,,,
4.834024896265561e-05,4.834024896265561e-05,70,,,,,,,,
4.8221695317131005e-05,4.8221695317131005e-05,71,,,,,,,,
,,62,28.576565468343006,39.226519337016576,13.19660774408141,24.102209944751383,0,,,
4.81031416716064e-05,4.81031416716064e-05,73,,,,,,,,
4.7984588026081806e-05,4.7984588026081806e-05,74,,,,,,,,
4.7866034380557204e-05,4.7866034380557204e-05,75,,,,,,,,
4.774748073503261e-05,4.774748073503261e-05,76,,,,,,,,
4.7628927089508e-05,4.7628927089508e-05,77,,,,,,,,
4.75103734439834e-05,4.75103734439834e-05,78,,,,,,,,
4.73918197984588e-05,4.73918197984588e-05,79,,,,,,,,
,,69,36.56414385603037,45.78729281767956,16.320738326866767,31.837016574585636,0,,,
4.7273266152934205e-05,4.7273266152934205e-05,81,,,,,,,,
4.71547125074096e-05,4.71547125074096e-05,82,,,,,,,,
4.7036158861885006e-05,4.7036158861885006e-05,83,,,,,,,,
4.6917605216360404e-05,4.6917605216360404e-05,84,,,,,,,,
4.679905157083581e-05,4.679905157083581e-05,85,,,,,,,,
4.6680497925311206e-05,4.6680497925311206e-05,86,,,,,,,,
4.656194427978661e-05,4.656194427978661e-05,87,,,,,,,,
,,76,43.7111324544703,53.24585635359116,20.329653873148928,39.364640883977906,0,,,
4.644339063426201e-05,4.644339063426201e-05,89,,,,,,,,
4.6324836988737405e-05,4.6324836988737405e-05,90,,,,,,,,
4.620628334321281e-05,4.620628334321281e-05,91,,,,,,,,
4.6087729697688206e-05,4.6087729697688206e-05,92,,,,,,,,
4.5969176052163604e-05,4.5969176052163604e-05,93,,,,,,,,
4.5850622406639e-05,4.5850622406639e-05,94,,,,,,,,
4.5732068761114405e-05,4.5732068761114405e-05,95,,,,,,,,
,,83,45.96089565825743,57.4585635359116,22.865416959755418,43.646408839779006,0,,,
4.56135151155898e-05,4.56135151155898e-05,97,,,,,,,,
4.549496147006521e-05,4.549496147006521e-05,98,,,,,,,,
4.5376407824540605e-05,4.5376407824540605e-05,99,,,,,,,,
4.525785417901601e-05,4.525785417901601e-05,100,,,,,,,,
4.5139300533491406e-05,4.5139300533491406e-05,101,,,,,,,,
4.502074688796681e-05,4.502074688796681e-05,102,,,,,,,,
4.490219324244221e-05,4.490219324244221e-05,103,,,,,,,,
,,90,51.299226927150166,62.91436464088398,24.7646760941774,48.96408839779006,0,,,
4.478363959691761e-05,4.478363959691761e-05,105,,,,,,,,
4.466508595139301e-05,4.466508595139301e-05,106,,,,,,,,
4.454653230586841e-05,4.454653230586841e-05,107,,,,,,,,
4.4427978660343805e-05,4.4427978660343805e-05,108,,,,,,,,
4.430942501481921e-05,4.430942501481921e-05,109,,,,,,,,
4.4190871369294606e-05,4.4190871369294606e-05,110,,,,,,,,
4.4072317723770004e-05,4.4072317723770004e-05,111,,,,,,,,
,,97,52.95008090984239,68.50828729281768,30.529521671979058,54.21270718232044,0,,,
4.395376407824541e-05,4.395376407824541e-05,113,,,,,,,,
4.3835210432720805e-05,4.3835210432720805e-05,114,,,,,,,,
,,99,,,,,0,1.0967824459075928,0.8406614661216736,1.9374439716339111
4.371665678719621e-05,4.371665678719621e-05,116,,,,,,,,
4.359810314167161e-05,4.359810314167161e-05,117,,,,,,,,
4.347954949614701e-05,4.347954949614701e-05,118,,,,,,,,
4.336099585062241e-05,4.336099585062241e-05,119,,,,,,,,
4.324244220509781e-05,4.324244220509781e-05,120,,,,,,,,
,,104,61.81264905343643,69.9585635359116,31.771107832469326,55.24861878453039,0,,,
4.312388855957321e-05,4.312388855957321e-05,122,,,,,,,,
4.3005334914048615e-05,4.3005334914048615e-05,123,,,,,,,,
4.2886781268524005e-05,4.2886781268524005e-05,124,,,,,,,,
4.276822762299941e-05,4.276822762299941e-05,125,,,,,,,,
4.264967397747481e-05,4.264967397747481e-05,126,,,,,,,,
4.253112033195021e-05,4.253112033195021e-05,127,,,,,,,,
4.241256668642561e-05,4.241256668642561e-05,128,,,,,,,,
,,111,59.936278278960486,74.51657458563537,33.79581473755982,60.49723756906077,0,,,
4.2294013040901006e-05,4.2294013040901006e-05,130,,,,,,,,
4.217545939537641e-05,4.217545939537641e-05,131,,,,,,,,
4.205690574985181e-05,4.205690574985181e-05,132,,,,,,,,
4.193835210432721e-05,4.193835210432721e-05,133,,,,,,,,
4.181979845880261e-05,4.181979845880261e-05,134,,,,,,,,
4.1701244813278014e-05,4.1701244813278014e-05,135,,,,,,,,
4.158269116775341e-05,4.158269116775341e-05,136,,,,,,,,
,,118,63.01147509911258,75.06906077348067,36.47339208877713,63.12154696132597,0,,,
4.1464137522228815e-05,4.1464137522228815e-05,138,,,,,,,,
4.1345583876704206e-05,4.1345583876704206e-05,139,,,,,,,,
4.122703023117961e-05,4.122703023117961e-05,140,,,,,,,,
4.110847658565501e-05,4.110847658565501e-05,141,,,,,,,,
4.098992294013041e-05,4.098992294013041e-05,142,,,,,,,,
4.087136929460581e-05,4.087136929460581e-05,143,,,,,,,,
4.0752815649081214e-05,4.0752815649081214e-05,144,,,,,,,,
,,125,59.69456075396828,71.8232044198895,34.56967566342715,60.151933701657455,0,,,
4.063426200355661e-05,4.063426200355661e-05,146,,,,,,,,
4.051570835803201e-05,4.051570835803201e-05,147,,,,,,,,
4.039715471250741e-05,4.039715471250741e-05,148,,,,,,,,
4.027860106698281e-05,4.027860106698281e-05,149,,,,,,,,
4.0160047421458214e-05,4.0160047421458214e-05,150,,,,,,,,
4.004149377593361e-05,4.004149377593361e-05,151,,,,,,,,
3.9922940130409016e-05,3.9922940130409016e-05,152,,,,,,,,
,,132,66.31967794414808,78.72928176795581,40.71427231634351,66.91988950276243,0,,,
3.980438648488441e-05,3.980438648488441e-05,154,,,,,,,,
3.968583283935981e-05,3.968583283935981e-05,155,,,,,,,,
3.956727919383521e-05,3.956727919383521e-05,156,,,,,,,,
3.944872554831061e-05,3.944872554831061e-05,157,,,,,,,,
3.933017190278601e-05,3.933017190278601e-05,158,,,,,,,,
3.9211618257261414e-05,3.9211618257261414e-05,159,,,,,,,,
3.909306461173681e-05,3.909306461173681e-05,160,,,,,,,,
,,139,71.52500430607327,82.73480662983425,43.56256016554236,71.40883977900553,0,,,
3.8974510966212216e-05,3.8974510966212216e-05,162,,,,,,,,
3.8855957320687613e-05,3.8855957320687613e-05,163,,,,,,,,
3.873740367516302e-05,3.873740367516302e-05,164,,,,,,,,
3.8618850029638415e-05,3.8618850029638415e-05,165,,,,,,,,
3.850029638411381e-05,3.850029638411381e-05,166,,,,,,,,
3.838174273858922e-05,3.838174273858922e-05,167,,,,,,,,
3.8263189093064614e-05,3.8263189093064614e-05,168,,,,,,,,
,,146,78.08855646340189,83.63259668508287,46.745246038489356,72.79005524861877,0,,,
3.814463544754001e-05,3.814463544754001e-05,170,,,,,,,,
3.802608180201541e-05,3.802608180201541e-05,171,,,,,,,,
3.790752815649081e-05,3.790752815649081e-05,172,,,,,,,,
,,149,,,,,0,0.7624288201332092,0.504680335521698,1.2671091556549072
3.778897451096621e-05,3.778897451096621e-05,174,,,,,,,,
3.7670420865441615e-05,3.7670420865441615e-05,175,,,,,,,,
3.755186721991701e-05,3.755186721991701e-05,176,,,,,,,,
3.743331357439242e-05,3.743331357439242e-05,177,,,,,,,,
,,153,72.86515006140773,82.80386740331491,46.70951348443322,73.1353591160221,0,,,
3.7314759928867814e-05,3.7314759928867814e-05,179,,,,,,,,
3.719620628334322e-05,3.719620628334322e-05,180,,,,,,,,
3.7077652637818616e-05,3.7077652637818616e-05,181,,,,,,,,
3.695909899229402e-05,3.695909899229402e-05,182,,,,,,,,
3.684054534676942e-05,3.684054534676942e-05,183,,,,,,,,
3.6721991701244815e-05,3.6721991701244815e-05,184,,,,,,,,
3.660343805572021e-05,3.660343805572021e-05,185,,,,,,,,
3.6484884410195617e-05,3.6484884410195617e-05,186,,,,,,,,
3.6366330764671014e-05,3.6366330764671014e-05,187,,,,,,,,
3.624777711914641e-05,3.624777711914641e-05,188,,,,,,,,
,,163,75.20184528238431,85.4281767955801,51.63478312524287,76.93370165745857,1,,,
3.6129223473621816e-05,3.6129223473621816e-05,190,,,,,,,,
3.601066982809721e-05,3.601066982809721e-05,191,,,,,,,,
3.589211618257262e-05,3.589211618257262e-05,192,,,,,,,,
3.5773562537048015e-05,3.5773562537048015e-05,193,,,,,,,,
3.565500889152342e-05,3.565500889152342e-05,194,,,,,,,,
3.5536455245998817e-05,3.5536455245998817e-05,195,,,,,,,,
3.541790160047422e-05,3.541790160047422e-05,196,,,,,,,,
,,170,72.95926329945384,86.74033149171271,53.01296675166777,79.07458563535911,1,,,
3.529934795494962e-05,3.529934795494962e-05,198,,,,,,,,
3.518079430942502e-05,3.518079430942502e-05,199,,,,,,,,
3.506224066390041e-05,3.506224066390041e-05,200,,,,,,,,
3.494368701837582e-05,3.494368701837582e-05,201,,,,,,,,
3.4825133372851215e-05,3.4825133372851215e-05,202,,,,,,,,
3.470657972732662e-05,3.470657972732662e-05,203,,,,,,,,
3.4588026081802016e-05,3.4588026081802016e-05,204,,,,,,,,
,,177,80.92769159073487,88.39779005524862,57.23140413341934,80.93922651933701,1,,,
3.4469472436277414e-05,3.4469472436277414e-05,206,,,,,,,,
3.435091879075282e-05,3.435091879075282e-05,207,,,,,,,,
3.4232365145228216e-05,3.4232365145228216e-05,208,,,,,,,,
3.411381149970362e-05,3.411381149970362e-05,209,,,,,,,,
3.399525785417902e-05,3.399525785417902e-05,210,,,,,,,,
3.387670420865442e-05,3.387670420865442e-05,211,,,,,,,,
3.375815056312982e-05,3.375815056312982e-05,212,,,,,,,,
,,184,74.61970035377684,88.67403314917127,56.785427202965366,81.97513812154696,1,,,
3.363959691760522e-05,3.363959691760522e-05,214,,,,,,,,
3.3521043272080614e-05,3.3521043272080614e-05,215,,,,,,,,
3.340248962655602e-05,3.340248962655602e-05,216,,,,,,,,
3.3283935981031416e-05,3.3283935981031416e-05,217,,,,,,,,
3.316538233550682e-05,3.316538233550682e-05,218,,,,,,,,
3.304682868998222e-05,3.304682868998222e-05,219,,,,,,,,
3.292827504445762e-05,3.292827504445762e-05,220,,,,,,,,
,,191,82.12255540126617,89.22651933701657,59.12551058361609,81.97513812154696,1,,,
3.280972139893302e-05,3.280972139893302e-05,222,,,,,,,,
3.2691167753408416e-05,3.2691167753408416e-05,223,,,,,,,,
3.257261410788382e-05,3.257261410788382e-05,224,,,,,,,,
3.245406046235922e-05,3.245406046235922e-05,225,,,,,,,,
3.233550681683462e-05,3.233550681683462e-05,226,,,,,,,,
3.221695317131002e-05,3.221695317131002e-05,227,,,,,,,,
3.2098399525785424e-05,3.2098399525785424e-05,228,,,,,,,,
,,198,78.44773272535802,89.08839779005525,56.222039055777415,82.66574585635358,1,,,
3.1979845880260815e-05,3.1979845880260815e-05,230,,,,,,,,
,,199,,,,,1,0.6051931381225586,0.4269442856311798,1.032137393951416
3.186129223473622e-05,3.186129223473622e-05,232,,,,,,,,
3.1742738589211616e-05,3.1742738589211616e-05,233,,,,,,,,
3.162418494368702e-05,3.162418494368702e-05,234,,,,,,,,
3.150563129816242e-05,3.150563129816242e-05,235,,,,,,,,
3.138707765263782e-05,3.138707765263782e-05,236,,,,,,,,
3.126852400711322e-05,3.126852400711322e-05,237,,,,,,,,
,,205,80.6784744661287,89.77900552486187,61.85384029643475,84.18508287292818,1,,,
3.1149970361588624e-05,3.1149970361588624e-05,239,,,,,,,,
3.103141671606402e-05,3.103141671606402e-05,240,,,,,,,,
3.091286307053942e-05,3.091286307053942e-05,241,,,,,,,,
3.079430942501482e-05,3.079430942501482e-05,242,,,,,,,,
3.067575577949022e-05,3.067575577949022e-05,243,,,,,,,,
3.0557202133965625e-05,3.0557202133965625e-05,244,,,,,,,,
3.043864848844102e-05,3.043864848844102e-05,245,,,,,,,,
,,212,82.52130594213803,90.05524861878453,60.28800557862566,84.8756906077348,1,,,
3.032009484291642e-05,3.032009484291642e-05,247,,,,,,,,
3.020154119739182e-05,3.020154119739182e-05,248,,,,,,,,
3.008298755186722e-05,3.008298755186722e-05,249,,,,,,,,
2.9964433906342622e-05,2.9964433906342622e-05,250,,,,,,,,
2.984588026081802e-05,2.984588026081802e-05,251,,,,,,,,
2.972732661529342e-05,2.972732661529342e-05,252,,,,,,,,
2.960877296976882e-05,2.960877296976882e-05,253,,,,,,,,
,,219,81.74857654346842,89.70994475138122,62.84686809447898,84.94475138121547,1,,,
2.9490219324244222e-05,2.9490219324244222e-05,255,,,,,,,,
2.9371665678719623e-05,2.9371665678719623e-05,256,,,,,,,,
2.9253112033195024e-05,2.9253112033195024e-05,257,,,,,,,,
2.9134558387670425e-05,2.9134558387670425e-05,258,,,,,,,,
2.9016004742145825e-05,2.9016004742145825e-05,259,,,,,,,,
2.889745109662122e-05,2.889745109662122e-05,260,,,,,,,,
2.877889745109662e-05,2.877889745109662e-05,261,,,,,,,,
,,226,84.2637139851083,89.98618784530387,61.26733401774239,84.39226519337016,1,,,
2.866034380557202e-05,2.866034380557202e-05,263,,,,,,,,
2.8541790160047422e-05,2.8541790160047422e-05,264,,,,,,,,
2.8423236514522823e-05,2.8423236514522823e-05,265,,,,,,,,
2.8304682868998224e-05,2.8304682868998224e-05,266,,,,,,,,
2.8186129223473624e-05,2.8186129223473624e-05,267,,,,,,,,
2.8067575577949022e-05,2.8067575577949022e-05,268,,,,,,,,
2.7949021932424423e-05,2.7949021932424423e-05,269,,,,,,,,
,,233,83.30543617330001,90.26243093922653,64.92737040176566,85.84254143646409,1,,,
2.7830468286899824e-05,2.7830468286899824e-05,271,,,,,,,,
2.7711914641375224e-05,2.7711914641375224e-05,272,,,,,,,,
2.7593360995850625e-05,2.7593360995850625e-05,273,,,,,,,,
2.7474807350326026e-05,2.7474807350326026e-05,274,,,,,,,,
2.7356253704801427e-05,2.7356253704801427e-05,275,,,,,,,,
2.723770005927682e-05,2.723770005927682e-05,276,,,,,,,,
2.7119146413752222e-05,2.7119146413752222e-05,277,,,,,,,,
,,240,84.16030416946093,90.88397790055248,63.28277168817702,86.04972375690608,1,,,
2.7000592768227623e-05,2.7000592768227623e-05,279,,,,,,,,
2.6882039122703023e-05,2.6882039122703023e-05,280,,,,,,,,
2.6763485477178424e-05,2.6763485477178424e-05,281,,,,,,,,
2.6644931831653825e-05,2.6644931831653825e-05,282,,,,,,,,
2.6526378186129226e-05,2.6526378186129226e-05,283,,,,,,,,
2.6407824540604627e-05,2.6407824540604627e-05,284,,,,,,,,
2.6289270895080024e-05,2.6289270895080024e-05,285,,,,,,,,
,,247,84.17826597362466,91.36740331491713,65.91698452695942,87.08563535911603,1,,,
2.6170717249555425e-05,2.6170717249555425e-05,287,,,,,,,,
2.6052163604030826e-05,2.6052163604030826e-05,288,,,,,,,,
,,249,,,,,1,0.3882255256175995,0.2794930934906006,0.6677186489105225
2.5933609958506227e-05,2.5933609958506227e-05,290,,,,,,,,
2.5815056312981628e-05,2.5815056312981628e-05,291,,,,,,,,
2.5696502667457022e-05,2.5696502667457022e-05,292,,,,,,,,
2.5577949021932423e-05,2.5577949021932423e-05,293,,,,,,,,
2.5459395376407823e-05,2.5459395376407823e-05,294,,,,,,,,
,,254,83.62338521554356,91.09116022099447,65.07660464911376,86.80939226519338,1,,,
2.5340841730883224e-05,2.5340841730883224e-05,296,,,,,,,,
2.5222288085358625e-05,2.5222288085358625e-05,297,,,,,,,,
2.5103734439834026e-05,2.5103734439834026e-05,298,,,,,,,,
2.4985180794309427e-05,2.4985180794309427e-05,299,,,,,,,,
2.4866627148784828e-05,2.4866627148784828e-05,300,,,,,,,,
2.474807350326023e-05,2.474807350326023e-05,301,,,,,,,,
2.462951985773563e-05,2.462951985773563e-05,302,,,,,,,,
,,261,82.45544424141363,90.60773480662984,64.5706041262806,86.60220994475138,1,,,
2.4510966212211027e-05,2.4510966212211027e-05,304,,,,,,,,
2.4392412566686428e-05,2.4392412566686428e-05,305,,,,,,,,
2.427385892116183e-05,2.427385892116183e-05,306,,,,,,,,
2.4155305275637226e-05,2.4155305275637226e-05,307,,,,,,,,
2.4036751630112627e-05,2.4036751630112627e-05,308,,,,,,,,
2.3918197984588027e-05,2.3918197984588027e-05,309,,,,,,,,
2.3799644339063425e-05,2.3799644339063425e-05,310,,,,,,,,
,,268,86.9986179923598,91.02209944751381,66.37028803352824,87.36187845303867,1,,,
2.3681090693538826e-05,2.3681090693538826e-05,312,,,,,,,,
2.3562537048014227e-05,2.3562537048014227e-05,313,,,,,,,,
2.3443983402489627e-05,2.3443983402489627e-05,314,,,,,,,,
2.3325429756965028e-05,2.3325429756965028e-05,315,,,,,,,,
2.320687611144043e-05,2.320687611144043e-05,316,,,,,,,,
2.308832246591583e-05,2.308832246591583e-05,317,,,,,,,,
2.2969768820391227e-05,2.2969768820391227e-05,318,,,,,,,,
,,275,83.92084189849416,91.4364640883978,66.39967032446259,87.56906077348067,1,,,
2.2851215174866628e-05,2.2851215174866628e-05,320,,,,,,,,
2.273266152934203e-05,2.273266152934203e-05,321,,,,,,,,
2.261410788381743e-05,2.261410788381743e-05,322,,,,,,,,
2.249555423829283e-05,2.249555423829283e-05,323,,,,,,,,
2.2377000592768228e-05,2.2377000592768228e-05,324,,,,,,,,
2.225844694724363e-05,2.225844694724363e-05,325,,,,,,,,
2.2139893301719027e-05,2.2139893301719027e-05,326,,,,,,,,
,,282,82.59570964438494,91.36740331491713,66.9612479783464,87.5,1,,,
2.2021339656194427e-05,2.2021339656194427e-05,328,,,,,,,,
2.1902786010669828e-05,2.1902786010669828e-05,329,,,,,,,,
2.178423236514523e-05,2.178423236514523e-05,330,,,,,,,,
2.166567871962063e-05,2.166567871962063e-05,331,,,,,,,,
2.154712507409603e-05,2.154712507409603e-05,332,,,,,,,,
2.1428571428571428e-05,2.1428571428571428e-05,333,,,,,,,,
2.131001778304683e-05,2.131001778304683e-05,334,,,,,,,,
,,289,82.66814478153346,91.36740331491713,67.49731918896002,87.56906077348067,1,,,
2.119146413752223e-05,2.119146413752223e-05,336,,,,,,,,
2.107291049199763e-05,2.107291049199763e-05,337,,,,,,,,
2.095435684647303e-05,2.095435684647303e-05,338,,,,,,,,
2.0835803200948432e-05,2.0835803200948432e-05,339,,,,,,,,
2.0717249555423833e-05,2.0717249555423833e-05,340,,,,,,,,
2.059869590989923e-05,2.059869590989923e-05,341,,,,,,,,
2.048014226437463e-05,2.048014226437463e-05,342,,,,,,,,
,,296,85.07346644809823,92.3342541436464,68.20303042059298,88.53591160220995,1,,,
2.036158861885003e-05,2.036158861885003e-05,344,,,,,,,,
2.024303497332543e-05,2.024303497332543e-05,345,,,,,,,,
2.012448132780083e-05,2.012448132780083e-05,346,,,,,,,,
,,299,,,,,1,0.4038284122943878,0.32672008872032166,0.7305485010147095
2.000592768227623e-05,2.000592768227623e-05,348,,,,,,,,
1.988737403675163e-05,1.988737403675163e-05,349,,,,,,,,
1.976882039122703e-05,1.976882039122703e-05,350,,,,,,,,
1.965026674570243e-05,1.965026674570243e-05,351,,,,,,,,
,,303,85.4375082901905,91.85082872928176,68.26884403166,88.32872928176796,1,,,
1.953171310017783e-05,1.953171310017783e-05,353,,,,,,,,
1.9413159454653232e-05,1.9413159454653232e-05,354,,,,,,,,
1.9294605809128633e-05,1.9294605809128633e-05,355,,,,,,,,
1.9176052163604034e-05,1.9176052163604034e-05,356,,,,,,,,
1.905749851807943e-05,1.905749851807943e-05,357,,,,,,,,
1.8938944872554832e-05,1.8938944872554832e-05,358,,,,,,,,
1.8820391227030233e-05,1.8820391227030233e-05,359,,,,,,,,
,,310,84.96961856217763,92.12707182320442,72.65828304140341,89.08839779005525,1,,,
1.8701837581505634e-05,1.8701837581505634e-05,361,,,,,,,,
1.858328393598103e-05,1.858328393598103e-05,362,,,,,,,,
1.8464730290456432e-05,1.8464730290456432e-05,363,,,,,,,,
1.834617664493183e-05,1.834617664493183e-05,364,,,,,,,,
1.822762299940723e-05,1.822762299940723e-05,365,,,,,,,,
1.810906935388263e-05,1.810906935388263e-05,366,,,,,,,,
1.7990515708358032e-05,1.7990515708358032e-05,367,,,,,,,,
1.7871962062833433e-05,1.7871962062833433e-05,368,,,,,,,,
1.7753408417308834e-05,1.7753408417308834e-05,369,,,,,,,,
1.7634854771784235e-05,1.7634854771784235e-05,370,,,,,,,,
,,320,85.43619901885302,92.67955801104972,72.60922584900455,89.43370165745857,2,,,
1.7516301126259632e-05,1.7516301126259632e-05,372,,,,,,,,
1.7397747480735033e-05,1.7397747480735033e-05,373,,,,,,,,
1.7279193835210434e-05,1.7279193835210434e-05,374,,,,,,,,
1.7160640189685835e-05,1.7160640189685835e-05,375,,,,,,,,
1.7042086544161235e-05,1.7042086544161235e-05,376,,,,,,,,
1.6923532898636636e-05,1.6923532898636636e-05,377,,,,,,,,
1.6804979253112034e-05,1.6804979253112034e-05,378,,,,,,,,
,,327,85.16112299750367,92.5414364640884,73.94167394629211,89.43370165745857,2,,,
1.6686425607587435e-05,1.6686425607587435e-05,380,,,,,,,,
1.6567871962062832e-05,1.6567871962062832e-05,381,,,,,,,,
1.6449318316538233e-05,1.6449318316538233e-05,382,,,,,,,,
1.6330764671013634e-05,1.6330764671013634e-05,383,,,,,,,,
1.6212211025489035e-05,1.6212211025489035e-05,384,,,,,,,,
1.6093657379964435e-05,1.6093657379964435e-05,385,,,,,,,,
1.5975103734439833e-05,1.5975103734439833e-05,386,,,,,,,,
,,334,85.26349136962084,92.3342541436464,72.01116776005978,89.08839779005525,2,,,
1.5856550088915234e-05,1.5856550088915234e-05,388,,,,,,,,
1.5737996443390634e-05,1.5737996443390634e-05,389,,,,,,,,
1.5619442797866035e-05,1.5619442797866035e-05,390,,,,,,,,
1.5500889152341436e-05,1.5500889152341436e-05,391,,,,,,,,
1.5382335506816837e-05,1.5382335506816837e-05,392,,,,,,,,
1.5263781861292238e-05,1.5263781861292238e-05,393,,,,,,,,
1.5145228215767635e-05,1.5145228215767635e-05,394,,,,,,,,
,,341,85.36576586128447,93.0939226519337,74.6509052543889,89.9171270718232,2,,,
1.5026674570243034e-05,1.5026674570243034e-05,396,,,,,,,,
1.4908120924718435e-05,1.4908120924718435e-05,397,,,,,,,,
1.4789567279193836e-05,1.4789567279193836e-05,398,,,,,,,,
1.4671013633669237e-05,1.4671013633669237e-05,399,,,,,,,,
1.4552459988144638e-05,1.4552459988144638e-05,400,,,,,,,,
1.4433906342620035e-05,1.4433906342620035e-05,401,,,,,,,,
1.4315352697095436e-05,1.4315352697095436e-05,402,,,,,,,,
,,348,85.84685025570148,93.16298342541437,74.77529509831899,90.12430939226518,2,,,
1.4196799051570835e-05,1.4196799051570835e-05,404,,,,,,,,
,,349,,,,,2,0.23397928476333618,0.16144448518753052,0.3954237699508667
1.4078245406046236e-05,1.4078245406046236e-05,406,,,,,,,,
1.3959691760521637e-05,1.3959691760521637e-05,407,,,,,,,,
1.3841138114997038e-05,1.3841138114997038e-05,408,,,,,,,,
1.3722584469472439e-05,1.3722584469472439e-05,409,,,,,,,,
1.3604030823947836e-05,1.3604030823947836e-05,410,,,,,,,,
1.3485477178423237e-05,1.3485477178423237e-05,411,,,,,,,,
,,355,85.86416381986409,93.3011049723757,74.83445681991881,90.12430939226518,2,,,
1.3366923532898638e-05,1.3366923532898638e-05,413,,,,,,,,
1.3248369887374037e-05,1.3248369887374037e-05,414,,,,,,,,
1.3129816241849438e-05,1.3129816241849438e-05,415,,,,,,,,
1.3011262596324839e-05,1.3011262596324839e-05,416,,,,,,,,
1.289270895080024e-05,1.289270895080024e-05,417,,,,,,,,
1.2774155305275637e-05,1.2774155305275637e-05,418,,,,,,,,
1.2655601659751038e-05,1.2655601659751038e-05,419,,,,,,,,
,,362,85.11597695005,92.67955801104972,77.11893273890543,89.98618784530387,2,,,
1.2537048014226438e-05,1.2537048014226438e-05,421,,,,,,,,
1.241849436870184e-05,1.241849436870184e-05,422,,,,,,,,
1.2299940723177238e-05,1.2299940723177238e-05,423,,,,,,,,
1.2181387077652638e-05,1.2181387077652638e-05,424,,,,,,,,
1.2062833432128038e-05,1.2062833432128038e-05,425,,,,,,,,
1.194427978660344e-05,1.194427978660344e-05,426,,,,,,,,
1.1825726141078838e-05,1.1825726141078838e-05,427,,,,,,,,
,,369,86.74394067848954,93.23204419889503,76.90139576966689,90.40055248618785,2,,,
1.170717249555424e-05,1.170717249555424e-05,429,,,,,,,,
1.158861885002964e-05,1.158861885002964e-05,430,,,,,,,,
1.147006520450504e-05,1.147006520450504e-05,431,,,,,,,,
1.1351511558980438e-05,1.1351511558980438e-05,432,,,,,,,,
1.123295791345584e-05,1.123295791345584e-05,433,,,,,,,,
1.1114404267931238e-05,1.1114404267931238e-05,434,,,,,,,,
1.099585062240664e-05,1.099585062240664e-05,435,,,,,,,,
,,376,88.98047572491966,93.0939226519337,76.84956609438908,90.19337016574586,2,,,
1.087729697688204e-05,1.087729697688204e-05,437,,,,,,,,
1.0758743331357441e-05,1.0758743331357441e-05,438,,,,,,,,
1.064018968583284e-05,1.064018968583284e-05,439,,,,,,,,
1.0521636040308241e-05,1.0521636040308241e-05,440,,,,,,,,
1.040308239478364e-05,1.040308239478364e-05,441,,,,,,,,
1.0284528749259039e-05,1.0284528749259039e-05,442,,,,,,,,
1.016597510373444e-05,1.016597510373444e-05,443,,,,,,,,
,,383,85.57972937310502,92.88674033149171,76.40354622197147,90.12430939226518,2,,,
1.004742145820984e-05,1.004742145820984e-05,445,,,,,,,,
9.92886781268524e-06,9.92886781268524e-06,446,,,,,,,,
9.81031416716064e-06,9.81031416716064e-06,447,,,,,,,,
9.691760521636042e-06,9.691760521636042e-06,448,,,,,,,,
9.57320687611144e-06,9.57320687611144e-06,449,,,,,,,,
9.45465323058684e-06,9.45465323058684e-06,450,,,,,,,,
9.33609958506224e-06,9.33609958506224e-06,451,,,,,,,,
,,390,90.33270624047461,93.0939226519337,75.89978480882905,90.40055248618785,2,,,
9.217545939537642e-06,9.217545939537642e-06,453,,,,,,,,
9.09899229401304e-06,9.09899229401304e-06,454,,,,,,,,
8.980438648488442e-06,8.980438648488442e-06,455,,,,,,,,
8.861885002963842e-06,8.861885002963842e-06,456,,,,,,,,
8.743331357439242e-06,8.743331357439242e-06,457,,,,,,,,
8.624777711914642e-06,8.624777711914642e-06,458,,,,,,,,
8.506224066390042e-06,8.506224066390042e-06,459,,,,,,,,
,,397,89.11988190508767,93.02486187845304,76.10162338171298,90.26243093922653,2,,,
8.38767042086544e-06,8.38767042086544e-06,461,,,,,,,,
8.269116775340842e-06,8.269116775340842e-06,462,,,,,,,,
,,399,,,,,2,0.3331834375858307,0.15898601710796356,0.49216943979263306
8.150563129816242e-06,8.150563129816242e-06,464,,,,,,,,
8.032009484291643e-06,8.032009484291643e-06,465,,,,,,,,
7.913455838767042e-06,7.913455838767042e-06,466,,,,,,,,
7.794902193242443e-06,7.794902193242443e-06,467,,,,,,,,
7.676348547717842e-06,7.676348547717842e-06,468,,,,,,,,
,,404,86.2191806709005,92.61049723756906,75.81503641441762,89.77900552486187,2,,,
7.557794902193242e-06,7.557794902193242e-06,470,,,,,,,,
7.439241256668643e-06,7.439241256668643e-06,471,,,,,,,,
7.320687611144043e-06,7.320687611144043e-06,472,,,,,,,,
7.202133965619442e-06,7.202133965619442e-06,473,,,,,,,,
7.083580320094843e-06,7.083580320094843e-06,474,,,,,,,,
6.965026674570244e-06,6.965026674570244e-06,475,,,,,,,,
6.846473029045644e-06,6.846473029045644e-06,476,,,,,,,,
,,411,86.58317415270862,93.02486187845304,76.92068762821687,90.26243093922653,2,,,
6.727919383521043e-06,6.727919383521043e-06,478,,,,,,,,
6.609365737996444e-06,6.609365737996444e-06,479,,,,,,,,
6.490812092471844e-06,6.490812092471844e-06,480,,,,,,,,
6.372258446947243e-06,6.372258446947243e-06,481,,,,,,,,
6.253704801422644e-06,6.253704801422644e-06,482,,,,,,,,
6.135151155898044e-06,6.135151155898044e-06,483,,,,,,,,
6.016597510373445e-06,6.016597510373445e-06,484,,,,,,,,
,,418,86.9010199282786,93.37016574585635,76.23195681803962,90.53867403314916,2,,,
5.898043864848844e-06,5.898043864848844e-06,486,,,,,,,,
5.779490219324245e-06,5.779490219324245e-06,487,,,,,,,,
5.660936573799645e-06,5.660936573799645e-06,488,,,,,,,,
5.542382928275045e-06,5.542382928275045e-06,489,,,,,,,,
5.423829282750445e-06,5.423829282750445e-06,490,,,,,,,,
5.305275637225845e-06,5.305275637225845e-06,491,,,,,,,,
5.1867219917012455e-06,5.1867219917012455e-06,492,,,,,,,,
,,425,85.3215306018153,93.02486187845304,75.78265176321685,90.26243093922653,2,,,
5.0681683461766455e-06,5.0681683461766455e-06,494,,,,,,,,
4.949614700652045e-06,4.949614700652045e-06,495,,,,,,,,
4.8310610551274455e-06,4.8310610551274455e-06,496,,,,,,,,
4.7125074096028455e-06,4.7125074096028455e-06,497,,,,,,,,
4.593953764078246e-06,4.593953764078246e-06,498,,,,,,,,
4.4754001185536455e-06,4.4754001185536455e-06,499,,,,,,,,
4.3568464730290455e-06,4.3568464730290455e-06,500,,,,,,,,
,,432,86.61593463976122,93.23204419889503,75.48073698203204,90.26243093922653,2,,,
4.238292827504446e-06,4.238292827504446e-06,502,,,,,,,,
4.119739181979846e-06,4.119739181979846e-06,503,,,,,,,,
4.0011855364552454e-06,4.0011855364552454e-06,504,,,,,,,,
3.882631890930646e-06,3.882631890930646e-06,505,,,,,,,,
3.7640782454060463e-06,3.7640782454060463e-06,506,,,,,,,,
3.6455245998814467e-06,3.6455245998814467e-06,507,,,,,,,,
3.5269709543568467e-06,3.5269709543568467e-06,508,,,,,,,,
,,439,86.73797472621551,93.43922651933701,76.8436720274651,90.6767955801105,2,,,
3.4084173088322462e-06,3.4084173088322462e-06,510,,,,,,,,
3.289863663307647e-06,3.289863663307647e-06,511,,,,,,,,
3.1713100177830466e-06,3.1713100177830466e-06,512,,,,,,,,
3.052756372258447e-06,3.052756372258447e-06,513,,,,,,,,
2.934202726733847e-06,2.934202726733847e-06,514,,,,,,,,
2.8156490812092475e-06,2.8156490812092475e-06,515,,,,,,,,
2.6970954356846475e-06,2.6970954356846475e-06,516,,,,,,,,
,,446,86.77263098627725,93.43922651933701,76.86895337365186,90.74585635359117,2,,,
2.5785417901600474e-06,2.5785417901600474e-06,518,,,,,,,,
2.4599881446354474e-06,2.4599881446354474e-06,519,,,,,,,,
2.341434499110848e-06,2.341434499110848e-06,520,,,,,,,,
,,449,,,,,2,0.28431662917137146,0.1416914165019989,0.42600804567337036
2.222880853586248e-06,2.222880853586248e-06,522,,,,,,,,
2.1043272080616483e-06,2.1043272080616483e-06,523,,,,,,,,
1.985773562537048e-06,1.985773562537048e-06,524,,,,,,,,
1.8672199170124482e-06,1.8672199170124482e-06,525,,,,,,,,
,,453,87.14647536462607,93.78453038674033,76.9903129192417,91.09116022099447,2,,,
1.7486662714878484e-06,1.7486662714878484e-06,527,,,,,,,,
1.6301126259632486e-06,1.6301126259632486e-06,528,,,,,,,,
1.5115589804386486e-06,1.5115589804386486e-06,529,,,,,,,,
1.3930053349140488e-06,1.3930053349140488e-06,530,,,,,,,,
1.2744516893894488e-06,1.2744516893894488e-06,531,,,,,,,,
1.155898043864849e-06,1.155898043864849e-06,532,,,,,,,,
1.037344398340249e-06,1.037344398340249e-06,533,,,,,,,,
,,460,86.820284738121,93.50828729281768,77.01578972697448,90.88397790055248,2,,,
9.187907528156491e-07,9.187907528156491e-07,535,,,,,,,,
8.002371072910492e-07,8.002371072910492e-07,536,,,,,,,,
6.816834617664493e-07,6.816834617664493e-07,537,,,,,,,,
5.631298162418494e-07,5.631298162418494e-07,538,,,,,,,,
4.4457617071724956e-07,4.4457617071724956e-07,539,,,,,,,,
3.260225251926497e-07,3.260225251926497e-07,540,,,,,,,,
2.074688796680498e-07,2.074688796680498e-07,541,,,,,,,,
,,467,86.820284738121,93.50828729281768,76.75807548916606,90.74585635359117,2,,,
8.891523414344991e-08,8.891523414344991e-08,543,,,,,,,,
0.0,0.0,544,,,,,,,,
0.0,0.0,545,,,,,,,,
